UF,municipality,code,enumeration_area,N,P_1A2,P_6A30,P_ADEQ,P_ALUG100,P_ALVSREV,P_ATE5,P_BANH4OUMAIS,P_BOLSA_FAM,P_CARRO,P_CASADIA,P_CELCOMPINT,P_CELULAR,P_COMP_INT,P_DOUTOR,P_ENERGIA,P_ENSMED,P_ENSSUP,P_FUND,P_GELADEIRA,P_GRAD,P_IDOSO10SM,P_LIXO,P_MAISDE2,P_MAQLAV,P_MAQTVGEL,P_MEST,P_MOTO,P_NEM_MOTO_CARRO,P_OUTROMUNC,P_OUTROSPROG,P_POBREZA,P_PPI_POBREZA,P_REDE_AGUA,P_REDE_ESG,P_SEM_INST,P_SO_CARRO,P_SO_MOTO,P_TUDOADEQ,P_TV,M_DENSMORA,M_RENDDOM,ICE_branco_renda,ICE_edu,ICE_renda,ICE_renda_ppi,ICE_renda_preto
26,11606,2611606,2611606005001,31387.99997091293,5.453580454923213,59.76434069598326,82.1087052085204,.6445576436817646,11.45957243279554,12.54025678645121,.7807580521330237,14.81952792091761,10.86338423483539,95.80407987086801,82.07157790893689,81.76037775410805,85.71254579583183,0,94.50046716665383,14.30905010165588,2.369511657161638,17.97129779151874,89.13471228152048,95.47623563557863,0,90.72838864522055,.5391336046159267,18.57363812305266,17.82457769295434,97.73767943770508,8.57276030437788,83.25845937797567,5.806764925364405,3.100954875117168,56.47425601346185,42.36319108895259,85.51173777232179,58.07472552696709,65.07823253159586,8.168779395055026,5.878155464597512,41.90147111366969,95.54813559807371,.8578794363857014,1313.104153439403,.0015880318,-.62708724,-.092090525,-.14865851,.030496692
26,11606,2611606,2611606005002,46725.99997377396,7.35392565256916,56.06875286321156,91.5814277890604,1.69789744541049,7.853690249612555,11.0311220632866,.4707469139248133,5.30828931950964,33.49598109198269,95.65513365669176,87.60604718117975,90.00173569947947,88.7160989746917,1.817359193228185,99.76631378522143,28.07651898328913,17.68593255110318,12.90786318131723,96.49863771628588,93.78450431395322,1.137064612703398,96.29326476133429,.4458978422917426,45.13866166234948,44.83470197883435,83.09191921871388,7.724938684259541,62.42313116381411,6.099967530462891,3.267328838410322,30.87077516101999,21.11456034181174,83.3838242397178,96.75667827250436,40.77912995999213,29.8519300238695,4.080887616146356,71.41110827797092,98.87117113685235,.5720786709425738,3171.072510141879,.059808053,-.23093197,-.0032272341,-.0014335472,.1086997
26,11606,2611606,2611606005003,53461.0000705719,6.473380498937331,58.41109479079023,91.71855976455845,4.220415139570832,6.947263440815732,5.59381558559835,4.675207502441481,5.011598618875723,47.48362060054205,95.13640707009472,90.37337448680773,89.41557694924995,91.13705517956987,1.238343038130552,99.02329897740856,26.75779927376425,21.14276146021439,12.81182093080133,96.02837327984162,93.08642906835303,1.072031285730191,97.54259850014932,.5257776065263897,53.65956203895621,53.54097234667279,80.05713818711229,10.0939238560386,47.11314411251806,9.216238121734932,3.141926368698478,28.15753054601373,19.40335949184373,89.67093236860819,81.43313654582016,39.06635895109503,42.79293370782398,5.403236963320524,64.86484510242008,97.61838584090583,.5547327855310868,4966.916344437748,.079359792,-.17923598,-.0023985291,-.0023167885,.11473144
26,11606,2611606,2611606005004,29012.00006771088,9.019393591006519,55.85056485288078,85.36333991505671,0,9.452345210593194,6.572391954978229,.4850195837207139,9.375577786704525,25.58651383442339,95.14517006173264,71.13739895867184,88.789687177632,72.06661197124049,0,97.251045590383,25.35087183932774,6.802337791305035,13.93004372584983,93.1336260662647,94.10717728314921,.2669392561074346,95.76635243138298,1.334588835015893,36.97436240618117,36.45329489954747,93.59851227054605,10.72445731260814,66.98007426748518,6.644454500928987,3.566170475096442,41.23417319642613,31.05990411859239,96.14432266680524,67.0806121226633,53.29335118658491,22.29546840826515,7.433411886449903,58.23642582981847,94.78093238722067,.7240461214823881,1971.935474900529,.033745252,-.46491012,-.015195977,-.080542803,.039780103
26,11606,2611606,2611606005005,43528.99999046326,9.012895467458293,48.21907228470081,89.83648999856086,0,8.893758250633255,4.216462280601263,.2989043830893934,9.397478411665361,14.30727905462845,95.79359587660292,69.6886022167746,87.36456420301693,71.4540918415878,1.59104261547327,98.71148547535995,22.04244797630963,3.50885759544326,16.00216945316788,95.80900938162813,95.81670863553882,0,94.92869220121065,.6736082956194878,28.68970654599252,28.52581724218908,96.58210079760465,13.19082344634808,76.9891073803592,6.279721832834184,1.708127863821574,51.05015311746683,38.51389803312486,97.8409863091656,28.03216437459923,58.14820846280782,9.820069256238639,8.703613647958264,24.29735097684897,97.87824464874575,.7394891892254236,1500.240325834602,.025270609,-.54639351,-.0010791258,-.082609959,.04268143
26,11606,2611606,2611606005006,31284.99995422363,9.805475152097642,49.14380541304126,85.15665031736717,0,11.64854175876826,6.301778717897832,1.871338207274675,8.439492460456677,28.48774332087487,96.35291672311723,80.32325736712664,90.64662538003176,82.125025219284,.8041013963520527,98.98210861720145,29.41094748384785,7.450517412507907,15.77496852260083,96.56771282898262,97.44365583173931,0,93.71921577258036,.7191458600573242,39.31278046220541,39.12705772090703,92.68003397155553,14.93296794360504,61.39986176276579,10.01064415322617,1.724329416174442,38.71299216116313,27.05454762035515,96.51288621826097,24.17139300378039,47.19015318260062,23.66716640535742,10.11239102808759,19.28283842280507,98.13265184639022,.6510022584843682,1951.461178936064,.039657511,-.39739636,-.0025835386,-.057393569,.063745014
26,11606,2611606,2611606005007,31041.99998426437,15.61570811027195,37.86232524435036,89.3317654117709,0,9.69022368080914,1.900233258493245,0,11.67850980418734,14.21663619985338,96.99961021542549,71.66882320307195,83.48869796318468,75.38460502400994,0,98.79604851303156,21.47693553997669,1.931476022582501,16.69286990363616,95.75366731442045,100.000000721775,0,89.22278918616939,.8647937793284655,27.5983296072809,27.5983296072809,98.0685237198486,10.3890221362235,77.85222689853981,5.373612616676837,2.343689740519039,50.11167574848514,36.04760185990017,96.67846348311286,21.52482966193929,59.34869631746551,11.75875082262792,7.931136758998036,17.31454668333754,98.68682825181168,.7397445694368798,1541.551707085222,-.0074198977,-.5741722,-.044846285,-.10553147,.035215911
26,11606,2611606,2611606005008,32904.99998426437,20.96177903586067,26.61235699197277,81.59242030233145,0,17.46206138050184,4.310625977814198,0,11.7432253959123,12.85097268410027,96.00889355060644,69.98357274569571,87.82405477249995,69.98357274569571,0,99.65131359640509,20.85617368284147,1.164412824437022,15.74718619231135,94.7752314270474,99.99999701976776,0,94.91958211874589,3.060669335536659,25.90672003570944,25.90672003570944,98.83558677393012,9.815392503514886,79.45280999410897,5.813741346355528,1.981545850867406,51.69558493653312,38.36691574542783,94.61973535362631,15.44259808142669,61.54269151447807,10.73179711820558,7.696216937620193,11.31647118600085,97.92362308362499,.754522459465079,1243.182941563427,-.012548048,-.60378277,-.054730028,-.14172924,.016259089
26,11606,2611606,2611606005009,38820.00000190735,6.876007636310533,56.89906451152638,97.51363131799735,23.7511306302622,1.97877389146015,6.144663557643071,14.06415838282555,.3456154103332665,81.09383154514944,92.98499066208024,95.19619759521447,97.3178293555975,95.57598197716288,2.974385279230773,100.0000001629815,25.24037898474489,49.25937229418196,6.794628079296672,99.85175952315331,88.00763004255714,5.131940290448256,95.52523175952956,.9190054843202233,82.32775084470632,82.17951020487817,55.18283022793185,4.760162404272705,18.12175364611903,9.939727412711363,3.821362039161613,5.286707259074319,3.344709369412158,53.54478187655332,97.93051858432591,18.34187857020879,77.11808411258971,.7844149717129767,48.85895218612859,99.85210370505229,.3620575087552425,13350.38583286852,.04216164,.30917493,.0062954389,.08886613,.15965931
26,11606,2611606,2611606005010,26405.00006055832,4.964481818024069,57.01194068533368,97.41947330185212,23.5087604727596,1.790768152568489,5.549309845810058,21.71769561246037,1.66709340410307,76.32663089898415,95.71591600979446,94.36271972954273,95.44554557069205,95.35099864006042,2.685317571740597,100.0000002270099,26.89994490938261,40.21791025297716,8.654257204034366,99.11615894525312,89.93757796706632,3.585798061976675,98.71318473597057,1.07380134286359,79.08609860460274,78.7541773810517,62.74900775970309,7.807610387681052,21.37794536538422,7.532930554589257,4.220309053198434,7.446605928998906,4.016363993287086,64.31579270283692,92.98114966368303,24.1170937246352,70.8144444739446,2.295423962641507,57.8661852166988,98.87813960085623,.4000638829456875,11421.30028250068,.071654849,.16100816,-.00070152781,.053730968,.1501845
26,11606,2611606,2611606005011,33835.00002002716,8.210983965545893,46.05778649274725,94.79888789282995,6.688964739441872,3.224080806830898,8.315455861156806,4.537711257580668,4.012535979563836,48.19817980096559,96.14590727724135,91.74609147012234,94.26346346081118,91.74609147012234,2.491986146196723,99.99999995852704,30.00641863800411,20.37794843345182,14.92576324235415,99.24724287629942,91.43610853934661,.7562904684164096,97.42489238778944,.8268136531114578,57.47616059379652,57.24786404753104,80.85938145304681,9.00681188722956,47.23453938495368,6.231705378741026,2.026032088906504,21.84040838619694,14.4413598216488,86.23745698059793,63.55841635959223,34.29337263551133,43.7586486863438,4.567280772607774,50.58020486030728,99.1839501009963,.5068426185753196,5683.45449847728,.081689924,-.13915424,-.0044690375,.018447438,.13330072
26,11606,2611606,2611606005012,30466.00005435944,6.385488534579054,48.65528391674161,91.9423081446439,20.06074720993638,7.86875844351016,5.6680868845433,17.02812349540181,5.083740383270197,50.58169082622044,93.56104141334072,87.99783366266638,94.43063116050325,88.40660913847387,5.456650513224304,99.71616269904189,23.52302226208849,24.56977587426081,12.33666190819349,98.46915415837429,84.09347095293924,2.121864160289988,97.16097714263014,1.070699177216738,56.34704675176181,56.10842656460591,77.99773649021517,9.539291635155678,44.24355771625414,4.877586959628388,1.824620008119382,28.4830092539778,18.47143021150259,72.44745918433182,58.41042189276777,39.47247377218446,46.2171504565049,5.174751265440136,39.98309508315288,98.45501387026161,.5329473271849565,7944.913385137916,.093224563,-.14902698,-.0012822088,.020669585,.14287533
26,11606,2611606,2611606005013,41928.00005149841,8.829935500398278,42.38748927018605,91.65496883215383,0,6.93263306748122,4.766245360951871,.4164826706983149,10.19212173996493,11.51552708470263,96.45333483931608,83.35392256267369,88.58403163030744,83.98233335465193,0,99.68632677337155,22.87427537812619,2.567737785284407,17.68734315264737,96.17282713297755,96.53377318754792,.068017077865079,96.79628669982776,1.994177233427763,28.27017240924761,28.13845633063465,97.52126610837877,10.03096455242485,81.11180513515137,3.812908142572269,2.45561868941877,48.76974977087229,36.41410107084084,98.84083179058507,18.19119467982091,56.08016612677602,8.857230300782248,7.372667768504471,15.66393060493283,98.37426354642957,.7216610312025296,1420.908818483353,.021972448,-.5351243,-.010376429,-.090088844,.041899983
26,11606,2611606,2611606005014,31024.99993944168,13.11050190124661,45.92472557196743,90.27934366094996,0,7.342270435765386,4.06903336988762,0,10.45809168717824,12.40025332663208,95.81606843858026,78.26123661361635,87.42863326406223,82.08209751173854,0,99.80346100128372,22.72659311274765,2.771150987246074,16.9579095163499,95.67707139140111,100.0000021420419,.0828765623737127,95.13753536812146,.568013358861208,29.40043479320593,28.65950184641406,97.22884910734138,11.84359348844737,77.59160239438643,4.22873308416456,3.308353800093755,44.20524896268034,31.2568424604251,98.9343408793502,12.35051347175613,57.07115406839876,10.56480407714844,10.00814423896372,10.80161485588178,96.25952545975451,.7237244949646993,1495.611829020083,.036921881,-.54300004,.0027990446,-.058873519,.068505779
26,11606,2611606,2611606005015,34212.00000286102,15.19174174172804,37.31153834378347,86.79295734909829,0,12.03372491290793,4.090431053191423,0,11.30702268856112,10.09889137931168,96.28163579036482,72.56160501856357,84.53249103331473,74.01995968539268,0,98.62986599036958,18.71426539000822,1.037901389645413,18.38821429701056,94.54786474525463,99.99999850988388,0,97.39083191088866,1.736379007343203,22.88779812806752,22.88779812806752,98.96209858707152,10.36275045480579,81.7783590144245,5.940066941548139,2.135195810114965,52.18534814484883,39.90316471463302,97.41566058655735,11.50571843027137,61.40747343742987,7.858890620991588,8.122749696485698,5.745835264679044,97.17818119970616,.7660242667043349,1142.261463600211,.012271445,-.60369575,-.033153381,-.12059065,.024407987
26,11606,2611606,2611606005016,29558.99990797043,13.52015330485301,41.65732086694334,89.39076299138833,0,10.30219965614378,2.421934949234128,.5507267313078046,10.36443425291509,21.25371731817722,95.89243521477329,71.21381789911538,89.22468286764342,74.75716939661652,4.60471510887146,95.98069122585002,22.02979201538255,3.414969888399355,17.92343732413428,95.86647039104719,92.90706389583647,.1325736870057881,98.29608605068643,1.725990115664899,38.5691362520447,38.29007200838532,96.67000167937658,13.76187520218082,69.09962929494213,8.372846586280502,1.529079294414259,52.7354574369383,38.0412588652689,89.96722582087386,42.14915321790613,56.47806568376836,17.13849547086284,9.64665335486643,34.1611270501744,97.67811531492043,.7261810073105153,1431.744301397353,.028213928,-.53063095,-.00061830867,-.063875675,.0673301
26,11606,2611606,2611606005017,46731.000041008,20.01764285960235,32.57225162451505,78.51062880945392,.7840299978852272,17.34755276120268,7.693746825680137,.165386195294559,13.00956166887772,10.70384220220149,95.54996021688567,61.10506700351834,87.82586154702585,62.42659846320748,0,99.7189364512451,15.28113729291363,.9631483611883596,16.8615611619316,92.21774289035238,99.9999986961484,0,86.76812165067531,1.472915132762864,22.66175839176867,21.86442463716958,99.03685159879387,12.0673303026706,79.43992106593214,4.678224731469527,2.482013122062199,58.08209262395394,41.06057066601352,88.65372992586344,21.79056985187344,66.47417139975005,8.492748974822462,9.856237075291574,17.72156166261993,96.5083351766225,.7828856346168322,1173.662384448573,.0019580547,-.65511024,-.041932445,-.10913337,.048769392
26,11606,2611606,2611606005018,26821.99993228912,5.496085155755281,64.39133731764741,90.65969198127277,11.68056989554316,8.238457480911165,6.250518595334142,11.64673924213275,3.65991254511755,56.85289056273177,91.78268063114956,94.54953139647841,94.38628621282987,95.43428961187601,2.838462626095861,98.67994848755188,25.41407743119635,28.65857551514637,9.459573452477343,96.61132095498033,90.54107271367684,1.460591808427125,94.94239201885648,.9756279643625021,60.03486710833386,59.51692642411217,73.23875471192878,7.17841112636961,39.27295850007795,8.419058765866794,2.261595393065363,20.05386842065491,14.18344569683541,68.37857179925777,83.88814884237945,36.2800629780395,53.54863014654256,3.874150710180402,52.52524231327698,98.57073329039849,.5035560413525673,7717.544050730765,.076166391,-.076214872,-.010471711,.020741299,.13400115
26,11606,2611606,2611606005019,35630.00013899803,5.983786597789731,57.24523054450401,95.88085838768166,.8004495641216636,3.724026079726173,7.375934475567192,2.976603066781536,4.112761005671928,45.62331790511962,94.61625078620273,90.58784314838704,91.53324994476861,91.93891441391315,2.232344402000308,99.31461778687662,25.32949278102024,20.57161557604559,12.32609732142009,97.05335783291957,92.80935308197513,1.010757370386273,99.14566830484546,.7663200260140002,50.91631151153706,50.91631151153706,80.44838806508778,7.978447759523988,50.37659868758055,6.264244118938223,2.810478786705062,22.85805194696877,15.89990890352055,72.39939553764998,84.97357343076146,41.53350608448818,41.64495483564679,4.000084690051153,56.70563592284452,98.67377176633454,.55842199196195,4837.678501717746,.078387082,-.20961891,.00027414167,.015075983,.13200827
26,11606,2611606,2611606005020,41163.99996995926,9.943502210080624,50.54156333790161,92.95383057324216,0,6.201257347129285,7.545774197205901,1.87618326744996,4.042177743394859,45.86656242026947,95.97186014289036,86.55516401631758,93.00095658982173,87.63070196146145,1.89830157905817,99.36622184468433,30.32705464283936,18.63155043974984,12.86902704450767,96.93173485575244,94.18890823144466,.7038579467916861,89.91300673224032,1.228269783314317,53.62244031275623,53.2538379135076,82.09746341308346,11.112109181704,49.36271889018826,7.150758797070011,3.137633504229598,24.43039866047911,16.53590429341421,92.52544301562011,59.05333952396177,37.1542465800303,39.52517079887912,4.770717560313642,48.81966603570618,98.44447923824191,.5689106097852346,3660.132542002946,.077942602,-.18522696,.0040536178,-.0027155695,.11506686
26,11606,2611606,2611606005021,42226.00009155273,8.864164905389771,50.05508746544365,85.7917621411616,0,12.74438982945867,7.163085334468633,1.459706953028217,9.190884169947822,24.45973540889099,94.31419390602969,81.44182900432497,91.04354287264869,82.25980822462589,0,99.99999873980414,24.24876014410984,5.576099254540168,15.22279605997028,95.19209733407479,98.58751399442554,.0600313185714185,96.89658346760552,1.405454985797405,34.87909591640346,34.37092179083265,94.50266264757374,10.65007102442905,68.54478379536886,6.382029602536932,1.988517420249991,41.21240324311657,31.82794153108262,99.13149313942995,81.9696401595138,54.05413299158681,20.80514392000623,6.995479535544291,71.63153112051077,97.08262338244822,.7049275557510555,2023.579322418198,.042482708,-.48478034,.0027792437,-.039016649,.067812592
26,11606,2611606,2611606005022,52200.00002479553,9.717492555500939,42.78114921762608,87.97340136952698,0,10.42258345987648,5.759498482802883,.7026356877759099,6.607258289295714,34.37712275772355,96.88372700184118,85.89780528564006,92.30443632695824,86.41778298188001,1.445567538030446,99.52299481374212,27.46782181056915,11.38816513557686,13.99232263793238,95.71478904108517,94.72350194118917,.1672038808465004,92.67675555311143,.6975753174629062,45.45793376164511,45.22010555956513,89.04810757085215,11.63606679765508,58.70129204704426,4.791196272708476,2.912494595511816,34.54641866846941,24.57452093076427,84.14299800060689,62.11921101494227,46.88387765927473,29.66264110873453,6.921585148666054,43.25449365715031,98.0166352877859,.6295192032994237,2630.684146922082,.04199139,-.35495713,-.0078544263,-.03607703,.090233624
26,11606,2611606,2611606005023,52763.99996185303,8.600710734026507,42.48807172407396,90.09188525960781,1.86630473472178,8.667852339567617,8.140862744767219,1.658175239572302,5.49334826937411,37.8025574143976,95.29659873223864,82.36568708671257,92.05044220434502,82.74468476884067,3.269708587322384,99.1533231746871,26.61068322922802,15.03062250849325,12.71097032877151,96.7125593626406,87.89796207565814,.2760518895229325,97.64573566499166,.8612525823991746,48.12547499896027,47.61908301734366,86.29693125694757,9.090932575054467,57.25581800215878,9.175435861106962,4.138018557569012,31.01934697770048,22.04579335084418,88.28687759232707,47.93811533018015,45.23226763558341,33.65325027261861,4.941625433275476,38.53411365416832,97.85013599903323,.6272045165387681,3393.909730276093,.060576722,-.30201644,.00069306692,-.0096926,.10829538
26,11606,2611606,2611606005024,28141.00001215935,19.51719904900528,33.71215511433547,88.53597608831478,0,10.49788822419941,7.637627306394279,.0929278146941215,8.366131276852684,22.23647710052319,94.17395128984936,75.35471562878229,89.86094758583931,75.35471562878229,1.182303298264742,99.38549166981829,25.16334511965397,3.79374296462629,15.45877756652771,97.28172007453395,98.81770060164854,0,95.77158609608887,2.532617998076603,35.08331060584169,35.08331060584169,96.20625720344833,14.35992597107543,67.94146843021736,14.95728105073795,2.298471887479536,42.27904984218185,28.90889468908426,82.68722162320046,16.58768715278711,55.18950719342683,17.69860564963892,9.822054520191159,15.14295789820608,97.6773668822716,.6423745039573987,1698.495721850544,.016073523,-.51395762,-.0029419898,-.054368965,.073489793
26,11606,2611606,2611606005025,36265.00000333786,7.094579946715385,47.74370655650273,93.28938995022327,1.283715013414621,4.680262599140406,11.64497389690951,.7738418062217534,6.486120149202179,22.06193821039051,97.04917959170416,81.47110856371,84.79068413143978,83.94952170783654,0,98.73580639250576,30.46721327700652,5.523871185141616,14.24383598787244,96.55031377915293,98.17541358061135,.1650997495744377,95.21069338079542,.6722498568706214,35.0589468551334,35.0589468551334,94.57691648858599,10.49990859464742,71.77580886054784,4.336057882755995,2.333680185256526,37.51663097937126,26.59208807745017,97.66217602882534,80.81766117247753,48.90725294826552,17.72428283584304,6.162253220099956,76.00537650869228,98.27015744522214,.6971203964494634,1978.791839828715,.027987959,-.43383381,-.0036710491,-.034088358,.073442556
26,11606,2611606,2611606005026,54419.99999094009,6.751021929085255,53.17652105586603,91.01843977114186,0,8.527731889626011,6.585624473518692,1.57345975167118,8.305809728335589,25.89176936889999,95.98231720447075,82.80598574783653,88.25446355622262,83.90527572482824,.8518864400684834,99.33917635935359,25.7299816905288,7.159428420709446,15.85427857062314,94.92938895127736,98.19578991737217,.1624603173695505,98.00699846819043,.3617866546846926,39.08736367593519,39.08736367593519,92.90875263395719,10.96642085467465,67.32097244239412,6.315486013772897,2.271931672294158,37.19620836782269,26.88320787274279,98.067848442588,74.24215296923649,50.74028154485859,21.71260639443062,6.787257880205289,66.38186014315579,97.7989218197763,.6780273718250101,2329.405470296741,.058547873,-.43580854,-.0022983614,-.042517051,.088064611
26,11606,2611606,2611606005027,59848.99996566772,6.890547298826277,50.32123847049661,79.00414054747671,0,20.18699088948779,7.544895593309775,.5965459393337369,7.029258237162139,28.82294984883629,96.05093651625793,82.80031403992325,90.03150411881506,84.13768645841628,.9949053637683392,99.44070043857209,29.26440069422824,6.886470288736746,14.6175318834139,97.12483503390104,97.40720193367451,.2952902257675305,95.66559129743837,.6805490469560027,41.84070231858641,41.72587227076292,93.22356828633929,10.74325768277049,64.80933265411295,6.053707527462393,1.982957746076863,37.74686548567843,26.94011754065286,95.98151782411151,60.23468168568797,48.52836096542887,24.44740953505971,6.367717368993908,44.13208113401197,97.98673717887141,.6643073611849104,2158.645135615952,.019123627,-.41641891,-.017998217,-.05895913,.074703656
26,11606,2611606,2611606005028,30935.00016784668,7.681920638424344,47.43633749603759,95.869834482437,0,4.130166392133106,8.46168517600745,1.16716823540628,5.847112479386851,38.40833410504274,96.7910756211495,82.16404754202813,92.37374159420142,82.16404754202813,.7073490647599101,100.0000008745701,30.22159993997775,8.98974840529263,15.29254230845254,98.51683816086734,92.79037723317742,.4268141696229577,91.32938226830447,.2386025385931134,49.95586544391699,49.95586544391699,91.59478965448216,13.43885303504067,54.8751363880001,7.563243657932617,1.533423337968998,29.73187021707417,17.74136515959981,71.36472328129457,42.78922132652951,44.79767954326235,31.68601145152934,6.716530381527264,24.54291447647847,98.3942630366073,.5918564137537032,2538.163081098348,.032605492,-.35807931,-.0028726752,-.0047705173,.099584609
26,11606,2611606,2611606005029,41478.00000810623,16.96350843412802,36.54685540241189,90.59712857706472,0,8.309976290911436,4.656442726263776,.1213374547660351,7.124737560661742,23.12190983648179,95.06098270067014,83.81717041775119,88.88849307550117,84.66810043610167,.8731605485081673,99.8050385271199,23.85308742123016,5.867425985343289,16.53599801647943,96.06494001345709,94.8337868321687,.4620161242200993,90.93505023047328,1.130284555256367,31.48009970318526,31.07131267897785,94.38446578387811,12.59386204765178,68.63133042497793,10.60709709418006,2.674292960728053,40.85945370898116,28.55080160516081,80.94186454109149,39.75462630769471,53.24176183275995,18.77480873808963,8.246760949259624,29.65011263004271,97.83102964283898,.6583521868742537,1768.726908212528,.056384794,-.47374335,.0028791064,-.052637827,.086111724
26,11606,2611606,2611606005030,40831.0000333786,14.22105506062508,38.62642964231782,90.34008627058938,0,8.893617568537593,8.642080693971366,0,7.719550808542408,19.65134386555292,93.8918735133484,77.60074194520712,89.26113903289661,78.85337439365685,1.455304306000471,99.0372414351441,22.50267173803877,3.380348574137315,16.16462928650435,94.94725130498409,95.54570652544498,.1291458320338279,93.02940048510209,.6972093367949128,34.91730001405813,34.50324142468162,96.7210280476138,11.30050589563325,71.92854580353014,11.82175960857421,2.567638459731825,42.69442359800451,30.7473064516671,87.49644096242264,35.43585116276518,57.25944817240816,16.77094851038419,8.42011054046452,26.22180115431547,96.01347601856105,.645334792920039,1603.590069830418,.020696552,-.538791,-.011871331,-.086067177,.061829295
26,11606,2611606,2611606005031,47509.99997425079,6.344561628066003,57.56430872497731,90.72468610684155,4.408174939453602,5.901671678293496,12.09293863503262,2.866004721727222,7.460724334850966,22.77811903622933,94.20712105566054,87.10095045389608,86.60898102389183,87.94604843715206,1.425704220309854,98.64759754709667,24.92658766132081,7.427621688111685,15.35317002326337,94.98554780002451,94.036248116754,.4442886798642576,93.87347500596661,.8767179795540869,34.82509632303845,34.26188201119658,92.90944735366793,10.70003627100959,69.47098169330275,4.727892129449174,2.83641686582996,42.28124742185173,30.9268911862091,83.50735170242842,64.84335271161399,52.07663771343505,19.82898183632642,7.750899071106687,47.98590384525596,97.21093166590435,.7125879422674188,2700.43174637761,.054917105,-.44649017,-.0064811325,-.046582077,.078606606
26,11606,2611606,2611606005032,39701.99998760223,8.707200165372342,49.34919928491581,98.48751562240068,43.657659413293,.9100671974010766,5.455736315343529,23.05342138570268,.2843184571247548,82.18280672153924,93.15105658606626,95.49499123531859,96.90889303165022,96.18588057055604,2.666478813625872,100.0000000261934,28.67028628097614,43.59932296938496,6.926975585520267,99.73230279574636,92.69500446389429,6.858741952601122,97.44997029483784,.7862134778406471,82.7055078727426,82.7055078727426,58.42304006946506,4.622934170765802,17.6404707483016,13.21518889599247,2.374224286177196,4.962721647461876,.8991244860226288,76.98363592207897,97.91516916884575,20.52547088533174,77.73659510712605,.1767225563526154,73.05827644013334,99.86157316307072,.3592702652240405,19791.20074769109,.0096167969,.23073852,.0008876191,.096784353,.14723219
26,11606,2611606,2611606005033,49516.00002193451,6.463724299101159,48.32932827994227,94.57965294277528,27.86322410684079,4.587109363637865,8.878395485226065,6.817617785418406,2.327834647439886,69.94542689790251,94.81562275468605,95.86722105013905,96.72606843087124,96.23858833656413,1.219523092731833,98.70582439034479,26.342008107531,35.90698034604429,9.04189879365731,98.59650441358099,93.60798698035069,2.525004456401803,97.46170488215284,1.267035241471604,76.17123598029139,76.17123598029139,65.95030316511838,5.529671657131985,28.624388523167,8.618768979795277,3.079712664475664,12.13940676971106,7.854626320477109,87.58110561029753,82.66708881346858,28.43441928216635,65.84593986772234,1.430184626951814,71.1919893445156,99.27366437768796,.4514453186820901,8513.810883300379,.074928008,.074725613,.0020784244,.034291115,.13412218
26,11606,2611606,2611606005034,33704.00011110306,6.868290872080252,48.18440548842773,95.8045927065541,18.07686784304678,3.490868781227618,6.913915285258554,6.292796845082194,1.686680622515269,66.82570435659727,93.80790799332317,93.19594961343682,97.64311592589365,93.38252945090062,2.938030438963324,99.67833756963955,26.69206027476321,31.38639739663631,10.6793961744188,98.93356433167355,90.61937090300489,2.273006184623227,96.4304748820723,.4673981806263328,74.38823798729572,74.14803485444281,70.63570170066669,8.266549708787352,30.58088104880881,10.9613327178522,3.318316506920382,13.96159928845009,8.912763812986668,84.6143381044385,65.03222839310183,31.11728294607019,61.15257245110115,2.593417803291231,52.67399241492967,99.61821018514456,.4481838987121591,7505.513302501291,.059126806,.0026911446,-.0031366111,.02850982,.13165857
26,11606,2611606,2611606005035,34165.99999570847,8.880306535866112,53.77863322501071,83.21280014934018,2.206531539559364,11.57268024398945,6.604305002838373,2.297177817672491,8.768432354554534,34.90749875199981,97.26161347934976,86.59028569236398,88.00833511631936,87.18702616170049,.4518739879131317,98.33195668761618,22.56384464126313,9.98713488370413,14.53223322751001,95.53094256552868,95.85091108456254,.4901845182757825,92.50550339347683,1.077529671601951,44.4768212386407,44.28504374809563,90.38211082661292,10.53505375166424,58.9193582884036,6.514688854804263,2.582198078744113,33.67498945735861,21.78829135955311,89.33532595983706,43.7507776718121,52.50795354368165,30.54558780277148,6.173142802435905,34.09849283634685,96.68347555561922,.6909182330418844,2652.394857976586,.043827314,-.42520818,-.012371786,-.036641501,.091828071
26,11606,2611606,2611606005036,39374.99991798401,9.366770218184683,49.79001603351207,97.308297768177,.9082989767193794,2.239466668106616,7.991819805465639,.8191906381398439,3.645174260964268,40.45643894351088,94.99730975003331,87.53140646440443,90.47839038976235,88.9958117128117,1.36178289540112,99.99999998690328,34.83532603931963,13.54373601352563,12.34372477556462,97.67924767074874,95.30241320608184,.2626750443596393,91.45804674917599,1.119401841424406,54.34893812634982,54.11481169867329,86.90805593396362,10.2334287512349,54.02146979031386,7.359857193659991,2.372703010041732,23.8857268486754,16.28077051136643,96.90144768537721,81.10578296036692,39.01794885641721,35.74510144535452,5.522091253078543,68.51316967658931,98.97462547378382,.5722852972176042,2968.73442716524,.055692326,-.25474212,.00044396712,-.022828585,.10161535
26,11606,2611606,2611606005037,26862.00004339218,12.82549932366237,36.48156536510214,79.54089310369454,1.073919795453548,14.25483572529629,10.41256893076934,.6486072903499007,10.74444710102398,23.52453893981874,97.89595348993316,74.05634874012321,90.5305951659102,75.98693703766912,0,99.76467196829617,21.6256979998434,2.048791677225381,16.7267486845958,95.00608068192378,99.99999608844519,.0818947853986174,93.39593702461571,.9393278742209077,37.53634801832959,37.53634801832959,97.95120869675884,8.233130746521056,70.09131840895861,7.585406920406967,2.913533459650353,46.26394497608999,31.60060068184976,58.76668581040576,26.25301738735288,58.8432025979273,21.67555114720017,6.384142953902483,9.461328387260437,98.01771144848317,.7431272829999216,1866.321833781898,.0061010849,-.56794411,-.023628039,-.085230865,.059765153
26,11606,2611606,2611606005038,44531.99998092651,15.72899779421277,37.04699369845912,92.10461819311604,0,7.793705171206966,6.724672473501414,.3157639759592712,8.813516666123178,22.54070225171745,94.40887677483261,65.98934717476368,90.83028418826871,65.98934717476368,0,98.96625414839946,23.62626781978179,2.008505968842655,17.45673370169243,97.22911205026321,97.09832314401865,.1597750233486295,92.1091093623545,1.526338385883719,31.93601611419581,31.53704233118333,98.04977450112347,12.24204733152874,69.09109544358216,9.455207351129502,2.826928802824114,41.82619627681561,30.14680680935271,84.63489779969677,8.274009026354179,56.05665815674001,18.66685791756026,8.368202997371554,4.061790386913344,98.39342052000575,.6856331513117766,1480.506460800767,.011607428,-.54048151,.0016190608,-.065195613,.045496341
26,11606,2611606,2611606005039,37468.99998557568,18.367386655882,32.8195669935667,91.90159651916474,0,7.626044332573656,4.369362187571824,.4618477309122682,7.825516958109802,22.98708833986893,95.00361761602107,81.75175450742245,91.41039019596064,83.00213464535773,6.804985925555229,99.69367014855379,27.82375144888647,1.718387444270775,18.66363119952439,97.14915730437497,93.19501183927059,0,97.31799511355348,1.091020880267024,36.75946609000675,36.6069937881548,98.28161257282773,14.56384593620896,67.66595757944742,9.062316064955667,2.622693762532435,37.35926976623887,25.61289194236451,89.64095642004395,55.29020752001088,51.43150365256588,17.77019641594961,9.346954012289643,45.90211794129573,98.88345223298529,.6502973639144329,1657.549481904134,.028579103,-.49713117,.00045089817,-.069014095,.064173192
26,11606,2611606,2611606005040,29814.00014686584,27.23497961414978,19.24772937782109,83.75773192383349,0,15.66380278673023,5.621430778410286,.4551779245957732,9.649984585121274,14.49193336302415,96.23194946907461,78.16440379247069,90.74198375456035,78.16440379247069,0,99.74074806086719,21.75550770189147,.9489818708971143,17.67005108122248,95.7197644514963,100.0000067055225,0,90.70831503486261,3.843416704330593,25.75990417972207,25.50084956455976,99.05101839394774,9.731050580739975,79.4342324254103,8.776473981561139,1.980545299011283,53.4567045950098,38.3661919622682,89.22111165011302,26.98032777407207,58.70243191893678,10.83471729652956,6.073834514245391,19.76874548126943,98.09896416263655,.6964379629353061,1301.236347574741,-.00075761264,-.5775345,-.052149411,-.11629102,.045134515
